<?xml version="1.0" encoding="UTF-8"?>
<project-private xmlns="http://www.netbeans.org/ns/project-private/1">
    <editor-bookmarks xmlns="http://www.netbeans.org/ns/editor-bookmarks/2" lastBookmarkId="0"/>
    <open-files xmlns="http://www.netbeans.org/ns/projectui-open-files/2">
        <group>
            <file>file:/C:/Users/s547509/OneDrive%20-%20nwmissouri.edu/Documents/NetBeansProjects/Interfacedemo/src/gas/HalfGA.java</file>
            <file>file:/C:/Users/s547509/OneDrive%20-%20nwmissouri.edu/Documents/NetBeansProjects/Interfacedemo/src/gas/ThreeFourthGA.java</file>
            <file>file:/C:/Users/s547509/OneDrive%20-%20nwmissouri.edu/Documents/NetBeansProjects/Interfacedemo/src/gas/GADriver.java</file>
            <file>file:/C:/Users/s547509/OneDrive%20-%20nwmissouri.edu/Documents/NetBeansProjects/Interfacedemo/src/gas/GradAssistant.java</file>
            <file>file:/C:/Users/s547509/OneDrive%20-%20nwmissouri.edu/Documents/NetBeansProjects/Interfacedemo/src/gas/Payable.java</file>
            <file>file:/C:/Users/s547509/OneDrive%20-%20nwmissouri.edu/Documents/NetBeansProjects/Interfacedemo/src/gas/FullGA.java</file>
        </group>
    </open-files>
</project-private>
